% Iron Feed_mean,% Silica Feed_mean,Starch Flow_mean,Amina Flow_mean,Ore Pulp Flow_mean,Ore Pulp pH_mean,Ore Pulp Density_mean,Flotation Column 01 Air Flow_mean,Flotation Column 02 Air Flow_mean,Flotation Column 03 Air Flow_mean,Flotation Column 04 Air Flow_mean,Flotation Column 05 Air Flow_mean,Flotation Column 06 Air Flow_mean,Flotation Column 07 Air Flow_mean,Flotation Column 01 Level_mean,Flotation Column 02 Level_mean,Flotation Column 03 Level_mean,Flotation Column 04 Level_mean,Flotation Column 05 Level_mean,Flotation Column 06 Level_mean,Flotation Column 07 Level_mean,% Iron Concentrate_mean,% Silica Concentrate_mean
0.1492237613112512,0.09066294791389291,0.4168291075939447,1.0086063101845206,0.0992082027313515,1.0824589695455042,0.6327437005961805,-0.8166308074549963,-0.8594669654486659,-0.8901785659967318,-1.5994073645838136,1.6632504948792455,-1.1388732710173692,-1.3010025647474621,-0.6246051916025767,-0.6756157472044283,-0.6435590389636,0.3345100684402827,0.31594187806895563,0.3464572166010833,0.32184927186669954,1.6659550299528685,-0.9406240752213049
0.1492237613112512,0.09066294791389291,0.38728338092430603,0.5140390114743696,0.2335540750194049,1.1236026868758664,-0.3176279724387282,-0.8569333941392407,-0.8598498885322728,-0.8949055593693747,-1.5994073645838136,1.6632504948792455,-1.1819889644541073,-1.3127780489804803,-0.6321825150687134,-0.6498823572964378,-0.6462666464742945,0.3399251860021368,0.22037111136401252,0.2260552283229973,0.3337513223057932,1.798676148638414,-1.1176786218064465
0.1492237613112512,0.09066294791389291,0.7355976450679415,1.1647097835938771,0.10046195720292009,0.9177150592993077,0.6812465258913025,-0.8481357513843308,-0.863345746089311,-0.8944805873944418,-1.5994073645838136,1.6632504948792455,-1.1711478591916393,-1.2905392530656314,-0.6276866071236173,-0.6451353529547912,-0.6406173751945283,0.3505464172000537,0.25296907071890046,0.2867834454704617,0.31856349974789716,1.7190434774271195,-0.976034984538334
0.1492237613112512,0.09066294791389291,0.482634941274668,1.1797413431418944,0.23297284010706693,0.589185855052745,0.6557848967311627,-0.846648963164217,-0.8601454077109678,-0.8920510374678429,-1.5994073645838136,1.6632504948792455,-1.1847385280082328,-1.3029193900357108,-0.3429574777180638,-0.33401027413104867,-0.3894403971342387,0.9145178832320244,0.8549838311510376,0.8667461620670873,0.9400541547977288,1.524385836688321,-0.8963604385750203
0.1492237613112512,0.09066294791389291,0.5824776767164241,1.4955244624633461,0.20271592603180316,0.1523306971424657,1.1915312495942902,-0.8557672925586415,-0.861553719203686,-0.8955517124105424,-1.5994073645838136,1.6632504948792455,-1.1709054370148442,-1.305913697844419,0.11517617932092498,0.1145198949512548,0.03788550863853424,1.6353337694034569,1.5829814648145717,1.6520820012597488,1.7103455786731454,1.4182089417398946,-0.9140658932335342
0.1492237613112512,0.09066294791389291,0.6608287769494393,1.5213163064560475,0.21884235874264715,0.522419364351146,1.1789901792798607,-0.8563785470599078,-0.8631276416236963,-0.8935339106932494,-1.5994073645838136,1.6632504948792455,-1.1809135441925969,-1.303212986792083,0.12693516607843766,0.11410588824882432,0.035336054484136015,1.6305785795643941,1.5790360645078734,1.6568990723050818,1.7217470412432263,1.612866582478693,-1.082267712489418
0.08544590278925324,0.1609807805024502,0.1182931596999314,1.4773865811132592,0.290406990737129,1.2518962627587444,1.184502164726446,-0.8422023521654035,-0.8578600829618669,-0.8938123343613958,-1.5994073645838136,1.6632504948792455,-1.1774090138892315,-1.3065166874523773,0.11898907488704867,0.12061996840563806,0.048457143718830004,1.6416321335760076,1.5858091143623851,1.7730424343366953,1.7145782708195816,0.6484264533638413,0.3430213875209678
0.08544590278925324,0.1609807805024502,0.5618267882332909,1.2096159439211345,0.2644149128554712,1.2513323565872752,1.1957962220517946,-0.8592678605611943,-0.8591236395458807,-0.8956975361274323,-1.5994073645838136,1.6632504948792455,-1.1725049888684504,-1.3069275965425338,0.12478088987422667,0.11539781228034324,0.03690143363901917,1.6309175189169978,1.5685859736707801,1.745654822595288,1.7067155238824496,0.7634514228912949,0.24564138689914058
0.08544590278925324,0.1609807805024502,1.042440953787502,1.1701976364043045,0.2823991618647321,0.6445919567114734,1.1018548617758284,-0.851192372084624,-0.8697237993682007,-0.8958143762484182,-1.5994073645838136,1.6632504948792455,-1.1735706325821234,-1.306166435367838,0.12153326891819623,0.10886972325742787,0.04416144407947664,1.653462510872638,1.5780603421514237,1.6856986984461169,1.709586249417669,1.4624493146351059,-0.5688095273925088
0.08544590278925324,0.1609807805024502,0.5718873733085883,1.057619415482989,0.22176388164293387,1.0589434615057882,1.11725662604123,-0.8501589324037592,-0.8665649962811218,-0.8944842103439292,-1.5994073645838136,1.6632504948792455,-1.1754145981315265,-1.3092824784169919,0.12351223000158791,0.10948926429623995,0.03569859031469961,1.6124157130485244,1.545874047351666,1.5948810712433807,1.6956955047721365,1.320880121370508,-0.49798770875845216
0.08544590278925324,0.1609807805024502,0.9446997396164415,0.29417688049561463,0.26533981709022625,1.2992981311572085,1.330896703302449,-0.8414183934587072,-0.8567259043914883,-0.89299988793873,-1.5994073645838136,1.6632504948792455,-1.1760746961573612,-1.3068157601884207,0.11744144399515972,0.12380768801592218,0.03894186897614105,1.6466141376142682,1.6240542611960476,1.5025958121342646,1.712458444422824,0.46261688720408267,0.4049904788257683
0.08544590278925324,0.1609807805024502,1.760214330116855,0.7830691255277251,0.2203471632515936,0.9299103388509062,1.3539591786172587,-0.8466251118777831,-0.8600704674407718,-0.894520439838809,-1.5994073645838136,1.6632504948792455,-1.1770760681214016,-1.3047405745065483,0.13076439328129077,0.11095976943544084,0.04255154633541884,1.6508882906841,1.5515516533936273,1.4139523135621577,1.6886589866429371,0.46261688720408267,0.4049904788257683
0.08544590278925324,0.1609807805024502,1.9705870292402972,0.5911208594126688,0.29780021874357115,1.5875076222689888,1.3102752623240395,-0.8470739338955193,-0.8643273929304919,-0.8921211415404359,-1.5994073645838136,1.6632504948792455,-1.178084681972723,-1.3077843767469257,0.12685617428445464,0.11536221528319894,0.0373486465799187,1.652634554184328,1.5619975382071698,1.5732058330798553,1.6979215197070656,1.5155377621092814,-0.7724222559654211
0.08544590278925324,0.1609807805024502,1.5143828219824487,0.43210294907936264,0.2058696759693766,1.8108018099213847,1.4080234737674848,-0.8540949169564878,-0.880767944942239,-0.8967021800204319,-1.5994073645838136,1.6632504948792455,-1.1769964073612889,-1.3098595624287992,0.1289100859149839,0.10507378892560439,0.04452983158026676,1.6864149559559398,1.6030619225415392,1.5188336764841732,1.7098846291556633,1.090830182315601,-0.38290225347811047
0.08544590278925324,0.1609807805024502,2.680702338363384,0.28345400887256633,0.12382946917166665,1.4585727964754254,1.4495501174188745,-0.8543276846204557,-0.8595534856239794,-0.8916655556423317,-1.5994073645838136,1.6632504948792455,-1.177139072540762,-1.3058623078813225,0.12015895335487299,0.11753043859848099,0.03736731073070555,1.6592831966138832,1.5959822085055673,1.5881778249013019,1.719595041188874,2.2764721759063327,-1.1353840764649608
0.3507617942407646,0.12079916188041738,2.573471959624195,0.3542579060198434,0.16613950033803906,1.7226538534475186,1.419190180211846,-0.8398933039027149,-0.8734234449713089,-0.8955403001196574,-1.5994073645838136,1.6632504948792455,-1.1777991705665976,-1.3083521937162081,0.11532083096053651,0.10940393369543057,0.04403683792524419,1.6335156446937986,1.6074298028925014,1.6808724394037298,1.7110059893996186,2.0110299385352417,-0.7635695286361643
0.3507617942407646,0.12079916188041738,2.566890903307401,0.7454738007103708,0.20147471255656768,1.7093802615461007,1.2083031042102519,-0.853142432371915,-0.8565185814270105,-0.893618144268842,-1.5994073645838136,1.6632504948792455,-1.1786901037495727,-1.3093246013375635,0.11985877620527612,0.12149345740015309,0.03943822829769971,1.624821305021015,1.5900635071850127,1.7210253421332844,1.7071576023123038,1.1262224806317223,-0.36519679881959555
0.3507617942407646,0.12079916188041738,2.5192102395557283,0.374429828619733,0.31993319042779467,1.488631386039241,1.0178186649888545,-0.8621831145126911,-0.86695560476492,-0.8939353334965111,-1.5994073645838136,1.6632504948792455,-1.1790932958240457,-1.3071015642044883,0.12300194967844207,0.11171173471004081,0.03895250142269627,1.630642568540829,1.5736280946186072,1.7116877012262186,1.6939557297057335,1.0465898094204276,1.0600923011907903
0.3507617942407646,0.12079916188041738,1.6387085996003996,-0.2924617151927654,0.13085366973089987,1.804536967043868,0.9720843140412103,-0.8476759612567759,-0.8675637874765724,-0.8935638000265251,-1.5994073645838136,1.6632504948792455,-1.1784219728729246,-1.3070743949207204,0.12296253710612952,0.10941364196737885,0.03646802758015802,1.631225619338518,1.5844619099972368,1.629560563629893,1.7094063553610128,1.9579414910610409,-1.1088258944771892
0.3507617942407646,0.12079916188041738,1.9067785102690238,-0.5965267553954919,0.19731931669087216,1.0359149959629073,0.8066871436720685,-0.8524026942984677,-0.8601401053333605,-0.8938885974481154,-1.5994073645838136,1.6632504948792455,-1.1820079744082232,-1.3078123884891026,-0.09437555151367448,-0.08469680474959808,-0.15413659088696235,1.191566390048788,1.2129999550182118,1.5099015500864026,1.4479618989464984,1.0642859585784945,-0.781274983294678
0.3507617942407646,0.12079916188041738,1.6851646147814852,-0.7462023007839708,0.16019902595286759,1.096483159402726,0.08248370923668412,-0.8530778423918634,-0.8573908225435483,-0.895097937987183,-1.5994073645838136,1.6632504948792455,-1.1772489681802807,-1.3039699356747234,-0.4306339944917186,-0.37908431177262353,-0.471439354816347,-0.10281432527960724,0.14192013475348572,0.3822962144789434,0.33216444945349466,1.2323993755801486,-0.7989804379531922
0.3507617942407646,0.12079916188041738,0.23794566858049182,-0.7431848179081894,0.2995092228887466,0.7547765507413494,0.6221078536909336,-0.859378934435249,-0.8662307697458903,-0.8950897863508352,-1.5994073645838136,1.6632504948792455,-1.1783004902137533,-1.3055381720075403,0.12185281905524073,0.11387727547649569,0.03306449729617572,0.29005224276935776,0.5367322050180449,0.44503728078416827,0.5631652784324422,1.8871568944287485,-1.0734149851601613
0.3507617942407646,0.12079916188041738,0.9871578087755989,-1.628384736894888,0.3075957954117372,0.48274019800216517,-0.9380310371197262,-0.8518812738395385,-0.8616705482569845,-0.8927767142502732,-1.5994073645838136,1.6632504948792455,-1.1772627277661183,-1.3110392148193577,0.11995514119445232,0.11513849922698417,0.03869801113716284,0.20332941300994795,1.458396268230944,1.6070408581634203,1.553406846659094,1.896004969007788,-1.082267712489418
0.3507617942407646,0.12079916188041738,2.2125805445164786,-2.1266870997732,0.22702969644561594,0.8705228627466534,-1.8032067685939603,-0.8515814788377798,-0.8605619978450462,-0.8957902836343236,-1.5994073645838136,1.6632504948792455,-1.17754009204905,-1.3046599091136546,0.12465827761173283,0.10881390069372437,0.03374761286424159,0.06882530676832463,1.5244016587055298,1.5423112682991935,1.6167870572805263,1.7721319249012824,-1.0114458938553614
1.54213219143168,-1.3709434294625167,2.4451876472053184,-1.511314663863524,0.31075955513538955,1.500123259438798,0.5131852434680357,-0.8435354127510464,-0.849362139115247,-0.8935299254488109,-1.5994073645838136,1.6632504948792455,-1.1776566864343077,-1.3105430068150439,0.12086263025378853,0.1235834609980272,0.044658377094195664,-0.8037361759000334,1.662468738031452,1.5376467029426555,1.7081602448533508,2.1349029826417474,-1.0645622578309044
1.54213219143168,-1.3709434294625167,0.3663081607000516,-1.6288835965501673,0.23185908457474808,1.5672154375950353,0.9831356354591635,-0.8615112742619383,-0.8683693953811641,-0.8941865850434983,-1.5994073645838136,1.6632504948792455,-1.1762700460668174,-1.3207607636576737,0.11732145645999772,0.1527978654580412,0.04040360090021688,1.044741047505641,1.5194488782043967,1.5146374730430068,1.6248779974309688,1.2147032264220692,0.1128504769602851
1.54213219143168,-1.3709434294625167,0.4463774649739303,-1.9336345605163527,0.13113127446513625,0.887811860338862,0.7025457470618617,-0.8624921366544569,-0.8652798766948321,-0.9063923018682892,-1.5994073645838136,1.6632504948792455,-1.1705583695668114,-1.3008465211144697,0.1325305848014643,0.2000690596201129,0.043537074690939155,0.44748570815914995,1.5823739572878122,1.707085870308579,1.7512397282774212,0.08214968030558843,1.5646977589584432
1.54213219143168,-1.3709434294625167,0.31121433095205026,-2.0776464260527923,0.3116570992881738,1.222744141818675,0.9554389556023412,-0.8497644286441852,-0.8615411702433438,-0.8946943414142283,-1.5994073645838136,1.6632504948792455,-1.1795748813283575,-1.3075922962291273,0.12190302217325069,0.11236644694459642,0.04183159966651672,0.7055215084084631,1.5732027604869323,1.5313710750208165,1.6834203263129615,-0.6787847334914378,0.8564795726178774
1.54213219143168,-1.3709434294625167,-0.44297905633307727,-1.9232164116985053,0.25748747356178325,0.6218960692472792,1.0547615316283019,-0.8549035974345197,-0.8596567052414176,-0.8966523644649733,-1.5994073645838136,1.6632504948792455,-1.1788745908281044,-1.3061139923317282,0.12107185851822745,0.11383720756463828,0.044902158440752536,1.0040400862657917,1.6832354911192131,1.5660231540390732,1.763797431667361,-0.8380500759140647,1.5115813949828996
1.54213219143168,-1.3709434294625167,-0.5935704095385417,-1.8906652077628792,0.324626445466112,-0.291242819207181,-0.5635980793948869,-0.8413497992480854,-0.8645470881093886,-0.8773012855126381,-1.5994073645838136,1.6632504948792455,-1.1630903543535265,-1.3047081398577098,0.13025752926991213,0.1207225439631979,0.04172833489781526,0.7456246493859737,1.576857419415615,1.6858022516915958,1.5995152556583156,-1.3246941777610293,2.6447304931278053
1.3456963871839325,-1.2487243394871692,-0.11859651442885304,-1.5652147739715758,0.24221187266859995,0.7010114019790848,-0.6619539853107376,-0.8510729415554666,-0.859352702258552,-0.8937313614403406,-1.5994073645838136,1.6632504948792455,-1.1860172642552067,-1.3108144890381188,0.19185500525026405,0.27339972533980983,0.11954587261793315,1.5173947552695142,1.5131020637723234,1.8073388926821135,1.6949952250060234,-1.5016556693417167,2.2906213999575225
1.3456963871839325,-1.2487243394871692,-0.3465369155198722,-0.18754459575635818,0.31920247604318974,0.7398179903245888,0.8414035066538369,-0.8503191016265332,-0.8722104377204912,-0.8942684637019227,-1.5994073645838136,1.6632504948792455,-1.178549249041921,-1.3193009938453266,0.12024215304505173,0.1138206013099898,0.02805038083634524,0.758382361284653,1.5221806905012814,1.629064901313444,1.6064678593199875,-1.5016556693417167,2.2906213999575225
1.3456963871839325,-1.2487243394871692,-1.8773140396713037,0.4548047980667169,0.2871524756195705,-0.4038945378934565,0.12607446280488827,-0.8536993686150234,-0.8765405360212031,-0.8951886928718541,-1.5994073645838136,1.6632504948792455,-1.1753090476243804,-1.3060404878353344,0.4533472569393128,-0.010852707700279376,0.3908445836759856,1.4641684574489013,1.6580421986734564,1.65284995212822,1.8378769689202075,0.10869390404266988,0.5289286614353672
1.3456963871839325,-1.2487243394871692,-0.5332924347107921,0.779832652054628,0.19535206006455846,-0.8546825376133514,1.2003124774556975,-0.8384005963852387,-0.8599144007931727,-0.8936069131254306,-1.5994073645838136,1.6632504948792455,-1.171022755588826,-1.3070211094262008,0.12163246694639789,-2.2629354022708017,0.04570861803810091,1.619792320362921,1.5681479463608896,1.5331642406752577,1.7171952420986143,0.5510976329944296,0.26334684155765514
1.3456963871839325,-1.2487243394871692,-0.7320543103691339,0.1852579772523557,-0.2591243709792816,-0.4326544557631375,0.9603970929221847,-0.8519408150071357,-0.851993885868079,-0.8981649458761792,-1.5994073645838136,1.6632504948792455,-1.1767438465423008,-1.3088275508748355,0.12772083445971283,-1.0734609473251815,0.04294314928606289,1.6594533524022343,1.5892682683034718,1.5809300014551806,1.712535552924325,1.2766397484753598,-0.6927477100021073
1.3456963871839325,-1.2487243394871692,0.3647135697875861,-0.47375532528888775,0.0172373702709805,-0.3998375072084676,0.8991216609735722,-0.849440782355989,-0.8696007842076927,-0.8969503520603525,-1.5994073645838136,1.6632504948792455,-1.1817021857177024,-1.3112070746578295,0.11671810247242655,1.4455829645462765,0.031472460532482004,1.6025124800551485,1.5832150493368233,1.4661774536496657,1.7087686054078002,1.0465898094204276,-0.754716801306907
1.3456963871839325,-1.2487243394871692,0.48903391484412295,0.18708281076279812,0.42954646338695573,-0.25271509019783844,0.8978695197610912,-0.8563950862731304,-0.857467530272945,-0.8911143238777426,-1.5994073645838136,1.6632504948792455,-1.179235417861974,-1.3075196341911448,0.12103186267317231,1.6752211198743607,0.038408410830271085,1.5992693367292101,1.5934192380112633,1.5111400092466085,1.718933779716647,1.2235513010011088,-0.4891349814291951
1.3456963871839325,-1.2487243394871692,0.736525729999133,-1.188474865037807,0.5843382440164904,-0.12249720208295381,1.111702760103571,-0.8438451312807405,-0.8585416152304307,-0.8951223928962257,-1.5994073645838136,1.6632504948792455,-1.1714100155112772,-1.3085731284345945,0.11993381007709099,1.9048592752024434,0.11240216890400223,1.7051706593940008,1.5915055348489846,2.009892618133145,1.8101813276097491,-0.09481181127513053,0.5377813887646246
1.3456963871839325,-1.2487243394871692,0.595394357179853,-0.20279071717545533,0.19842639903247858,0.22334532787743236,0.9546372433447973,-0.8555897136377376,-0.8514450897856386,-0.8984596728170201,-1.5994073645838136,1.6632504948792455,-1.172733651459406,-1.3098138590599815,0.12082584240880613,2.134497430530526,0.037385248203491754,1.662683567932709,1.6104175066579725,1.603245386954395,1.7207426198701496,1.002349436525229,-0.3386386168318251
1.287020757343688,-1.2303077642854046,0.6711790919266419,0.22298451134700215,0.2937799549900839,0.44499181263428567,0.7568579063428795,-0.8488298760486865,-0.8661858762821397,-0.8958473450887587,-1.5994073645838136,1.6632504948792455,-1.1793820660794505,-1.3052056115496398,-0.25349672963162284,-0.47115890220969453,-0.2989148675004441,0.9670125328294223,0.9017053171625584,1.005977605087815,1.091914746737432,0.4891611109412144,-0.011087705649313877
1.287020757343688,-1.2303077642854046,0.8534955735434757,0.438203552519767,0.06914000188763308,0.8043315282149526,0.8381564865403978,-0.859300938987637,-0.8636227069463729,-0.8923575389945196,-1.5994073645838136,1.6632504948792455,-1.1772889796075188,-1.3046068342337391,-0.5994038785925268,-0.5496200510089426,-0.5763300846704269,0.4465474318754652,0.23252058593115335,0.40056330822726266,0.41143206633423024,1.0465898094204276,-0.480282254099938
1.287020757343688,-1.2303077642854046,0.5396958727272163,0.7619999562124818,0.21709131349589536,0.6082706336448551,1.1015676812656678,-0.8539507646559876,-0.8531185201587627,-0.8950839896316533,-1.5994073645838136,1.6632504948792455,-1.1813875257152624,-1.3037643758223438,-0.6250863355847175,-0.6537184872805387,-0.6486132427275109,0.3241217866032195,0.2356739018739734,0.22034549064590933,0.3246300130367852,1.0465898094204276,-0.480282254099938
1.287020757343688,-1.2303077642854046,0.5174775943305644,0.8913023694090889,0.0949318840474743,0.7797350941404345,1.3039265217600364,-0.8641004445675023,-0.8619004946992543,-0.8967072521497129,-1.5994073645838136,1.6632504948792455,-1.1885426913979276,-1.3080720762944196,-0.6319899934020525,-0.651888265117565,-0.6467778835717887,0.3379145888069279,0.22744008501841834,0.17375436257125088,0.31807687317675687,0.41837651430892175,0.927301391251936
1.287020757343688,-1.2303077642854046,0.2664722367327183,0.9143521708577352,0.2661332594676795,0.6320822397036743,1.3430181140023238,-0.8507668790623799,-0.8635258501820646,-0.8946113758709556,-1.5994073645838136,1.6632504948792455,-1.1803809033829427,-1.3072479413534677,-0.03256797235977444,-0.6856278526792449,-0.0972615307216272,1.3893292328367262,1.326357547268175,0.7488281609980424,0.8809762041232316,-0.40891845883087086,1.3212477574038755
1.287020757343688,-1.2303077642854046,0.21143380476590204,0.7149190269017388,0.3161107867793709,0.5368681592138985,1.0102528260722512,-0.8582328540074967,-0.8572025881384586,-0.895289954310043,-1.5994073645838136,1.6632504948792455,-1.178067663537609,-1.3064035874106472,0.1250344468669319,0.11253438301724741,0.042730921063275314,1.6349820467000318,1.5838312317871597,0.8767921824846815,1.0133489951035342,-0.40891845883087086,1.3212477574038755
1.287020757343688,-1.2303077642854046,0.6669089924628244,0.6818405401424509,0.1341262024634167,0.293621536840237,1.0261144210354607,-0.855755105769952,-0.867443423504868,-0.893439532859089,-1.5994073645838136,1.6632504948792455,-1.1778820901759868,-1.3057378346510404,-0.5751345664632317,-0.5783765486420581,-0.590800691447208,0.4543116924980007,0.34597341457153913,0.3366360112532793,0.43502881460315956,-1.83788250334505,2.2994741272867794
1.287020757343688,-1.2303077642854046,0.2603479338223518,0.5751299848816034,0.17576170237783897,0.5213157395048437,0.9672219035580972,-0.8467661304326183,-0.8558481841514237,-0.8945470685175447,-1.5994073645838136,1.6632504948792455,-1.177023021297052,-1.3087224541880165,-0.627671733668738,-0.655067681600525,-0.6500816294922364,0.3389248346335237,0.24563083644962075,0.22012505402807747,0.30949284852149966,-1.9440593982934764,2.3791486732500937
1.287020757343688,-1.2303077642854046,0.38782035776251184,0.7016829522902996,0.35935260070025254,0.6261624905281027,0.9397235150059118,-0.8618086319059622,-0.8670508708159443,-0.8944088529945806,-1.5994073645838136,1.6632504948792455,-1.189704290118103,-1.307814915864339,-0.6247349970833234,-0.6508723029741925,-0.6497265516727456,0.3339505222724504,0.24743920125419713,0.17808921439418035,0.3329858831489954,-0.2717733028557992,1.0069759372152471
1.0778293813915472,-0.8335142803928394,0.6968115794239541,0.623350484943243,0.26442225336526376,0.5892291675467175,0.8554933004337992,-0.8935585242846076,-0.9380308835482044,-0.904011118317355,-1.5994073645838136,1.6632504948792455,-1.1711241420107863,-1.3136392520915299,-0.621516248127941,-1.7635241310516097,-0.645516523545204,0.06873773720407532,0.13180171891647677,0.17753266276938512,0.2516278292702685,-0.6522405097543437,1.1043559378370762
1.0778293813915472,-0.8335142803928394,-0.14372827010933004,0.7149167794884242,0.21086822948342757,1.065284101247748,0.9889014679638354,-0.8393603930430236,-0.858142346196538,-0.8912500033360666,-1.5994073645838136,1.6632504948792455,-1.1640366879742157,-1.2847130213070124,-0.6237346426712546,-1.2654760243033643,-0.6526084801361521,0.4384405485619546,0.2789431438402396,0.2219158850275306,0.3360317849689619,-1.2450615065497033,2.2552104906404957
1.0778293813915472,-0.8335142803928394,0.08538179442964741,0.8048543603849916,0.3055284409244845,0.5539453755855964,1.172534600728453,-0.847977497228348,-0.8723339831187578,-0.8955645738812248,-1.5994073645838136,1.6632504948792455,-1.1734096816372614,-1.303774485323282,-0.6273287276350626,-0.6459343267040898,-0.6477090640620027,0.3652583206612132,0.29671569635829725,0.4479629047311701,0.5152137674279991,0.7457552737332279,-0.2147004342222267
1.0778293813915472,-0.8335142803928394,0.47473165735631107,0.7711079952691462,0.22904500004516562,0.3428970924777645,1.1082497563503932,-0.8462217291721623,-0.8587703244512611,-0.8936549172061445,-1.5994073645838136,1.6632504948792455,-1.173898509028857,-1.3042113000095892,-0.6278561311793716,-0.6495762060889416,-0.6483605882600878,0.3535884213619144,0.26834944734188093,0.3023452012667075,0.3621846375252688,0.11754197862170959,0.35187411485022585
1.0778293813915472,-0.8335142803928394,0.35112867868112335,0.652379397312564,0.1222646059461855,0.05836044460445723,0.9691330214769316,-0.8503605367080793,-0.8666989696886873,-0.8932656312836669,-1.5994073645838136,1.6632504948792455,-1.1809334593826266,-1.3183879795419735,-0.6299319572000035,-0.6484041025717335,-0.6502831105298363,0.2621648573935031,0.10641235817639798,0.17858672184118748,0.25257494131575364,0.7457552737332279,-0.303227707514797
1.0778293813915472,-0.8335142803928394,0.8814588450662114,0.07085161780101992,0.4375104127981556,0.6021419157483846,0.8198777889499703,-0.8216794518184157,-0.8711686972664139,-0.8837923429626634,-1.5994073645838136,1.6632504948792455,-1.180003782102687,-1.3059396034405708,-0.6388418232701708,-0.5432330725703995,-0.6472235284180518,0.09686861320985878,0.21251583662811732,0.20090677665038004,0.315219914254643,0.7899956466283888,-0.2235531615514824
1.0727271527097813,-0.8335142803928394,0.861897035031239,0.3185065177260985,0.15771332307244515,0.20382278372128637,0.7983683106201813,-0.850839477503573,-0.8614976907469585,-0.8947312954990034,-1.5994073645838136,1.6632504948792455,-1.17698246672827,-1.305123682469131,-0.6214415058924971,-0.6473303591782126,-0.6440329912810692,-1.6827461660209349,0.24655210582258782,0.17746382810293873,0.37226582002606673,0.7722994974703095,0.024323203667714014
1.0727271527097813,-0.8335142803928394,0.5417673878084484,0.20861355911246912,0.24766487047116598,0.21298590744515614,0.9242439726856949,-0.8546727448373502,-0.8613375589431932,-0.8933536689562253,-1.5994073645838136,1.6632504948792455,-1.1763607507050353,-1.3061165197069637,-0.6277073549682386,-0.6417163380233504,-0.6462039991812816,0.05365598323690746,0.2542293756331695,0.6143706355610761,0.8256252159148324,0.666122602521883,0.05088138565548581
1.0727271527097813,-0.8335142803928394,1.1569770098181607,0.03385588963571808,0.4003558157932881,0.22851385840761745,0.7839622763974758,-0.8498950013801434,-0.8627398610746241,-0.8955084181641652,-1.5994073645838136,1.6632504948792455,-1.1732125212559845,-1.307240569842369,-0.6260738996588391,-0.6502515696914577,-0.6422189352646677,0.3230822907366065,0.24763072554092913,1.5230585735882687,1.6827675336280112,0.10869390404266988,0.5466341160938821
1.0727271527097813,-0.8335142803928394,1.1248586671715977,-0.611280098395336,-0.026364360042317757,0.17916827152986245,-0.049671462376986386,-0.8542859013449485,-0.8560958051857227,-0.892601001200112,-1.5994073645838136,1.6632504948792455,-1.180918975608061,-1.3097961674333405,-0.623132746865533,-0.612704444709769,-0.6471209903273514,0.12938773129239564,0.13617117652627064,1.5439830318942063,1.6399906836707037,-1.83788250334505,2.361443218591579
1.0727271527097813,-0.8335142803928394,0.1681799296336596,-2.201932348331355,-0.8672694972827898,0.5836792620696373,0.418306273014559,-0.8416922480102575,-0.8699477364491841,-0.8956138459942605,-1.5994073645838136,1.6632504948792455,-1.1794014381279327,-1.3072982782435512,-0.6022565405786505,1.4580988312184011,0.13782721708327633,0.5158671739362592,0.24935865014507788,1.6508367264132051,1.7607891560118674,-1.0592519403899572,2.069303216726096
1.0727271527097813,-0.8335142803928394,0.5273892515845617,-0.6494695996326307,0.1548611488283723,0.2442310905937228,0.390756602228405,-0.8550494907048333,-0.8627958895313471,-0.8956642049921436,-1.5994073645838136,1.6632504948792455,-1.178018961845632,-1.3052669003990693,-0.6320948575083033,-1.0360952990625427,-1.5714881858406933,0.3846171888133704,0.35835271828275866,1.7493285151876306,1.8613940951206391,-0.8070818148874445,1.6487986685863858
1.0727271527097813,-0.8335142803928394,1.0101927215038267,0.2203476345259582,0.5733983245350643,0.26512838455841714,0.1780011435029452,-0.855369829150385,-0.8716867395587279,-0.8944124759440689,-1.5994073645838136,1.6632504948792455,-1.1735470964484553,-1.30592991516884,-0.31562319232515007,0.95446359508399,-0.36015515891605776,0.3186349124297832,0.09189481724204222,0.5141871256570546,-0.02902921185231134,-0.5549116893849697,1.2282941204466744
1.0727271527097813,-0.8335142803928394,1.3919051100971993,0.3594210076064201,0.18175510029874659,0.9358438692745612,0.409795131585323,-0.8488718334211725,-0.8591075556671371,-0.8940478260781096,-1.5994073645838136,1.6632504948792455,-1.1791144783443492,-1.3066449517455117,-0.24366687580053875,-1.1103433539012193,-0.30935248785869074,0.36176521588218374,0.31133605954698024,0.2574404472086041,0.35719168803708007,-0.8203539267559853,1.0423868465322765
1.0727271527097813,-0.8335142803928394,0.3724551710091834,0.5082903265187558,0.20536785202670566,0.14041399567706694,0.6451079356210971,-0.8477704959176098,-0.8712735075971368,-0.8944016070956057,-1.5994073645838136,1.6632504948792455,-1.180931467863622,-1.3075303755358898,-0.2527576814072372,-1.2727643829333029,-0.3049977743163355,0.3468294954481447,0.22003958657905665,0.17936039637995707,0.3030550233813634,-0.6522405097543437,0.6086032073986807
1.1314027825500186,-0.8770443672333739,0.6187958644060416,0.5974290841830385,0.21047551220913382,0.14973897875339698,0.8545121003574047,-0.85372443858033,-0.8726118277054263,-0.8939414925106387,-1.5994073645838136,1.6632504948792455,-1.1709908912847808,-1.3070480680953644,-0.2530193208936307,-0.2679341572049308,-0.3040073121996442,0.3260098225196336,0.23847533888215222,0.1530532780297421,0.3421354990494443,1.347424345107602,-0.825538619940964
1.1314027825500186,-0.8770443672333739,1.2113352640437782,0.6656480594170548,0.3834606315106753,0.6301999743408152,0.9642859956639944,-0.8521347590442817,-0.8678973070281231,-0.896485708788529,-1.5994073645838136,1.6632504948792455,-1.17816217016665,-1.3071485312609255,-0.24907123103875706,-0.27018702983878135,-0.3066162774577853,0.3693874151992492,0.2578104291496939,0.19622549215166343,0.3513493849245638,1.0819821077365612,-0.6927477100021073
1.1314027825500186,-0.8770443672333739,0.8936541629740001,0.48607021718526316,0.15590482772005046,0.35448951273831497,1.1460575833359292,-0.852415055184137,-0.8608361307673866,-0.8943226267967687,-1.5994073645838136,1.6632504948792455,-1.1803890505061356,-1.307965505305376,-0.25417911707551444,-0.2657766215048199,-0.29986968414882703,0.9961313448900313,0.9290757149955247,0.8357872813070495,1.0285992314635464,1.6748031045319083,-0.754716801306907
1.1314027825500186,-0.8770443672333739,1.3442373179390843,0.2513185764,0.14258246975266226,0.4753523240310572,1.1995723038789015,-0.834986206388419,-0.8712197768373722,-0.8919505006195567,-1.5994073645838136,1.6632504948792455,-1.1569162833505084,-1.30205439586181,-0.2264033775428192,-0.2394867913891203,-0.2805049010287511,1.0611142449063407,0.9703487481410905,0.9700648123755089,1.1268887499927251,1.0111975111042686,-0.36519679881959555
1.1314027825500186,-0.8770443672333739,1.485639122771329,-2.1450021301727307,0.46021956753506993,0.7332070693702814,2.2153913070125584,-0.846941620189746,-0.8578240267941314,-0.8929955403993463,-1.5994073645838136,1.6632504948792455,-1.1650413187875337,-1.3095217366058283,2.1373950486631967,1.9910665154788254,2.1797545045005786,1.6684201146699493,1.7518182351865004,2.13216237844593,1.907724664772373,1.8429165215335874,-0.41831316279513875
1.1314027825500186,-0.8770443672333739,1.2549227386880661,-0.12343309885533152,0.3955779188648562,0.6065042432658552,1.2178988648876907,-0.8516511176302911,-0.8695739188278112,-0.8959020516260257,-1.5994073645838136,1.6632504948792455,-1.174032302896409,-1.3090120492669353,-0.08827409012251354,-0.3241563683309165,0.5890342250161877,1.5887962335117323,1.4371152161026306,1.8590257441717566,1.6700344606020128,1.8429165215335874,-0.41831316279513875
1.1314027825500186,-0.8770443672333739,0.8623086195147173,0.5587969086233088,0.2632003921431469,0.7282213513146275,1.254928056620967,-0.8517848241119124,-0.8639000212952774,-0.893900190886476,-1.5994073645838136,1.6632504948792455,-1.179730400857758,-1.305156959576384,0.12235759994969021,0.11409673351869684,0.03958826818200148,1.6517181973750776,1.5980697481233914,1.5237099423301947,1.7094032617400923,1.1173744060526951,-1.1353840764649608
1.1314027825500186,-0.8770443672333739,0.7430201681403081,0.49704321269006135,0.13374783254918848,1.0281577001682438,1.1556764210186592,-0.8512724566960131,-0.8670443312168957,-0.8919443416054265,-1.5994073645838136,1.6632504948792455,-1.1707500985326278,-1.3081601131984097,0.1301588311897741,0.11311853995961557,0.035785906413567846,1.637124594075763,1.582146043386599,1.5285865847334723,1.7093419307052968,1.9402453419029992,-1.2150586224282742
1.1314027825500186,-0.8770443672333739,-1.1588128012760799,-0.43078597253541545,0.41438086074422353,0.04564499325031562,-1.178049840825054,-0.8533261046871645,-0.8713047916250244,-0.8930987944597478,-1.5994073645838136,1.6632504948792455,-1.1795788643663638,-1.3070577563670966,0.7710948937355291,0.6813098245978475,0.7889295020962764,2.253904804579303,1.2234109115492116,2.617752366417742,0.649064922506736,1.7190434774271195,-1.2150586224282742
0.6977133446004388,-0.6979013175434828,0.4709182682166264,-1.4470496157528503,0.2722592485550552,-1.61284046327661,-1.9679688939659212,-0.8519892139679328,-0.8675819923063601,-0.8937502007776778,-1.5994073645838136,1.6632504948792455,-1.175590757039684,-1.3097993266523829,-0.03660224076203774,-1.2850726195277753,0.35259391736224055,1.4721007071901566,0.09519294383269562,1.8690929891283505,0.2825351518118892,1.0731340331575216,-1.179647713111246
0.6977133446004388,-0.6979013175434828,0.7641468172214176,-0.638541948996461,0.18250816987230334,-0.14152010568368295,-0.09521350494728509,-0.8542014643090289,-0.8706895390765612,-0.8931823034454479,-1.5994073645838136,1.6632504948792455,-1.178603201102178,-1.3021921378120738,0.12237726457350871,-2.232155741941714,0.044741218386420506,1.6434111137876644,1.5031823825481345,1.5462427519891873,1.7083101307870554,1.7809799994803346,-0.9937404391968477
0.6977133446004388,-0.6979013175434828,1.0967761252161614,-0.2856794845143555,0.25131210286301137,0.573704029083859,0.7514758358889831,-0.8440994869703864,-0.8604414571274205,-0.8931232493687954,-1.5994073645838136,1.6632504948792455,-1.1814011042539168,-1.307420224098599,0.12470481444394721,-0.5637684972470421,0.034880848085214335,1.6169472664705113,1.6763755418138198,1.6922864923334149,1.7550024607354375,1.2323993755801486,0.07743956764325761
0.6977133446004388,-0.6979013175434828,1.2640450265109602,-0.4592410674054001,0.28206350037116035,1.306953755091023,0.8349154493542569,-0.850124113007503,-0.866272835274914,-0.895444291958226,-1.5994073645838136,1.6632504948792455,-1.1780053833069777,-1.3085065742200976,0.12121326049542633,-0.8429231696034154,0.04262960685131576,1.5607067339704723,1.4803518613863718,1.5594061393086844,1.6197166389538007,1.250095524738228,0.26334684155765514
0.6977133446004388,-0.6979013175434828,1.2801040022173178,-0.7439076917905451,0.19458397581186973,0.5007809767396699,0.768579315617874,-0.8516250030831003,-0.8478486637999668,-0.8933578353481363,-1.5994073645838136,1.6632504948792455,-1.1780372476110208,-1.3072563659375827,0.11341252920340607,-0.5699469583015997,0.03609944884831497,1.6888837315557739,1.598624417479283,1.5107410091778457,1.7758465824478733,1.4005127925818277,-0.3740495261488538
0.6977133446004388,-0.6979013175434828,1.4751963927704752,-1.003630011403868,0.047607951028365236,0.007474592316201516,-0.18810956235440013,-0.8557021802876457,-0.8619305415057016,-0.8964002071806143,-1.5994073645838136,1.6632504948792455,-1.177338586535406,-1.307597982823404,0.36569017564661294,-0.5265078961526175,0.18385473400483,1.51520028004496,1.5076780584182645,1.8345532504299016,1.5008464882067107,0.7280591245751736,0.024323203667714014
0.460459710898601,-0.5773564616773871,-0.30398694772661594,-1.0362673441497274,0.4673032671237463,0.6535943460827383,-0.2800474966904083,-0.8511758328714021,-0.8671413647271244,-0.8924403233903205,-1.5994073645838136,1.6632504948792455,-1.1750476154934677,-1.3054145412356648,0.6910497300163244,-0.10923201343696903,0.478895985067217,1.7676555337704567,1.6252673985604833,1.524067144543509,1.823404169165635,1.3031839722124412,-0.303227707514797
0.460459710898601,-0.5773564616773871,1.1101618000478746,-1.0277656439850569,-0.08621821776807044,0.6728641871490771,-0.9568481981667163,-0.8426398578793529,-0.8296314617976601,-0.8940295301831952,-1.5994073645838136,1.6632504948792455,-1.169594836463825,-1.3062873281498748,0.6141453650169874,-0.6528687963263381,0.3514553659179898,1.5066266960929409,1.572755419839175,1.5121060292318884,1.7153033768936,0.8076917957864683,-0.5156931634169669
0.460459710898601,-0.5773564616773871,1.0357842775571908,-0.7465477414303837,0.23484934133950866,0.6256316312270315,0.7948178706224904,-0.8514568253991849,-0.8655564840600567,-0.8946287660284954,-1.5994073645838136,1.6632504948792455,-1.1762684166421793,-1.3078460868255604,0.12760051362584177,-0.760119173212842,0.21219402869549314,1.5884618441653553,1.6345369487156653,1.5336404349815593,1.7085592446118572,0.8076917957864683,-0.3120804348440539
0.460459710898601,-0.5773564616773871,1.1907177433365248,-0.6948576318145331,0.3016226223919881,0.9507392890751113,0.9427072863183695,-0.8460565111369303,-0.8543241040809287,-0.8929719912276725,-1.5994073645838136,1.6632504948792455,-1.1804471666515812,-1.306337665039953,0.1927239566463969,1.7666935054093602,0.038140228401331654,1.7104966222361753,1.6156159264452872,1.500451280903982,1.702307036727081,0.5864899313105885,-0.38290225347811047
0.460459710898601,-0.5773564616773871,0.7187568639711547,-0.9294731718935245,0.18727883392302686,0.6212944755810562,0.86492837677817,-0.8499219864122421,-0.8736970476558881,-0.8949856265530571,-1.5994073645838136,1.6632504948792455,-1.179085691842401,-1.306817655719848,0.20736206097504206,-0.6448349287761436,0.03885497358558894,1.5998306124971098,1.6147705157113772,1.5348907556953362,1.6930203347494943,-0.49297516733167906,0.635161389386451
0.460459710898601,-0.5773564616773871,1.0903370588404526,-1.0290905045704706,0.14473948765708866,0.7347265222836672,0.4166652415278854,-0.8607992176085137,-0.8781904591869321,-0.8942345891242122,-1.5994073645838136,1.6632504948792455,-1.1769149361293576,-1.3075078397733844,-0.6008743091709948,-0.6289046977222563,0.07243728830670638,1.6295582587240154,1.6457785230561297,1.5406359650659662,1.7323952844591564,1.0111975111042686,-0.8786549839165064
0.460459710898601,-0.5773564616773871,1.2199630322844175,-1.3993434985016044,0.30809470741667355,0.043825306003730316,0.32761962518712334,-0.8494120563540777,-0.8542406800065613,-0.8945162734468989,-1.5994073645838136,1.6632504948792455,-1.1763631043184044,-1.306805229458282,0.23381960411450628,-0.38589745354360233,0.12633449851237408,1.536497198070847,1.5944720582815681,1.6305284664014554,1.7428868744456125,0.7103629754170943,-0.4448713447829092
0.460459710898601,-0.5773564616773871,1.313221164874559,-1.527806612412991,0.38497344384848753,0.4213201284309789,-0.02677394491473946,-0.8575375106642736,-0.8591215185948364,-0.8919517686518759,-1.5994073645838136,1.6632504948792455,-1.1770096238055816,-1.3071257848838147,0.2968044776325008,-0.31591814291268716,0.18078574332523023,1.2504621761815669,1.5478681531605902,1.5479990150325134,1.7054326766263304,1.2235513010011088,-0.4537240721121668
0.460459710898601,-0.5773564616773871,1.337263675224271,-1.762143109688914,0.29432548833201105,0.8201689947593064,0.9402961666184432,-0.8470547832275761,-0.8671740627223755,-0.8874075031091843,-1.5994073645838136,1.6632504948792455,-1.177441783429186,-1.3078260784382902,0.12214741345146568,-0.6524808955078181,0.046437476074081115,1.3670543523617438,1.479333402826333,1.5071756897638637,1.6154164285307244,1.0642859585784945,-0.976034984538334
1.1058916391412208,-1.255421275924175,1.3169838284501243,-1.9598919495669762,0.34297238141276204,0.684013638721322,0.5273331571131564,-0.8485901445054649,-0.8614059596143381,-0.8952709338252304,-1.5994073645838136,1.6632504948792455,-1.1787579964428496,-1.3066403182242483,0.12176903609232026,-0.652377085126194,0.03868439548617895,1.7770871911186557,1.6952384308301094,1.518414718880827,1.766011729513045,0.40952843972988207,-0.41831316279513875
1.1058916391412208,-1.255421275924175,0.8945687866663378,-1.1535242168877051,0.20658570933437595,0.9651188964475077,0.49312961647096804,-0.8532784021142941,-0.8489229255033748,-0.8926423028242719,-1.5994073645838136,1.6632504948792455,-1.1783658482464818,-1.307033114458563,0.20457668366575396,-2.7920607605460063e-05,0.11732426498105632,1.5685052640843355,1.492300573436478,1.5052907194503393,1.6242812766252406,0.5245534092573482,0.09514502230177097
1.1058916391412208,-1.255421275924175,0.9364222328163913,-0.7589561069384171,0.1939426821830107,0.48173501064214647,0.6371053430119531,-0.8531812559987423,-0.8742433692954462,-0.8897790858439725,-1.5994073645838136,1.6632504948792455,-1.1789062740849663,-1.3093837840409628,0.4954095956499041,0.5269149390785398,0.385481107205153,1.6217550702704455,1.5936522967805713,1.570742546132126,1.6981900073328928,0.10869390404266988,0.5643395707523944
1.1058916391412208,-1.255421275924175,1.5631614024836467,-0.6042657231416825,0.28269878812838023,0.8456530537102053,0.9720424335501467,-0.8460657382769382,-0.8681200068876636,-0.8922022956089658,-1.5994073645838136,1.6632504948792455,-1.1772390105852653,-1.3068892646848167,0.5005206480243951,0.5049139935768867,0.3847288807344778,1.5643595945236246,1.6183089832394397,1.5353039896283878,1.7234248665506535,-0.04172336380090478,0.4669595701305664
1.1058916391412208,-1.255421275924175,1.8028236502811532,-0.6253267621087611,0.24619510021354343,1.011435983747035,0.9720424335501467,-0.8575366401793683,-0.8564183664902169,-0.8928768888036166,-1.5994073645838136,1.6632504948792455,-1.1784587254508854,-1.307397688336097,0.5026618005919478,0.4961825100429466,0.38498841951981416,1.7594815559207087,1.6695303886984225,1.5392359251870893,1.7585581912834654,-1.2981499540239039,1.5912559409462161
1.1058916391412208,-1.255421275924175,1.4976513152935775,-0.6473602700368151,0.2374759092096466,0.25764291685089247,0.9472346528729637,-0.8517378179269677,-0.8674271628802042,-0.8928647519228297,-1.5994073645838136,1.6632504948792455,-1.1767523557598583,-1.3083631456755564,0.4959410404410567,0.496195667306245,0.3905868998318635,1.5699360243751392,1.4864342220876299,1.503372009606651,1.626414869635104,-0.38679827238326525,1.3345268483977597
1.1058916391412208,-1.255421275924175,2.0148099235422094,-0.6675996150361213,0.17181304709414,-0.22000234475365418,0.8726617376590345,-0.8558623495104187,-0.8650691955578717,-0.8942505301019583,-1.5994073645838136,1.6632504948792455,-1.1756448901471241,-1.309685805381451,0.3919767157173012,0.4220333688697738,0.28932791540059744,1.5212224299507229,1.471379436752098,1.395239752579654,1.6004329396347732,-0.9176827471253908,1.7063413962265555
1.1058916391412208,-1.255421275924175,1.6065383905238715,-0.6955789853878817,0.25555224825095335,-0.2420925604272111,0.7810597019554573,-0.8528866839064185,-0.8708547965120134,-0.8951751068112762,-1.5994073645838136,1.6632504948792455,-1.178215216990997,-1.3076519001617337,-0.6233946363259579,-0.6635007209323326,-0.6505240999030178,0.3306606511048059,0.22451306816419364,0.1556590542432512,0.29662593772033363,-0.8468981504931421,1.5115813949828996
1.1058916391412208,-1.255421275924175,1.8192640706044825,-0.7185511188764191,0.22849112521483259,-0.0553998208024377,0.7461441929651538,-0.8525635599091683,-0.8757962589509437,-0.8959596565228836,-1.5994073645838136,1.6632504948792455,-1.1773543376402444,-1.308745832408934,-0.6270320084595707,-0.6496499123114972,-0.6410282924815389,0.3379293943827407,0.24791410637773018,0.17500626482550322,0.3324417925692142,-0.8822904488092759,1.051239573861534
1.159465040299692,-0.9624303068051925,1.7245170600521942,-0.7100970770940798,0.25136749034605355,0.40980336440989285,0.815804270165903,-0.8732729181231033,-0.8660434190704009,-0.8986969760084794,-1.5994073645838136,1.6632504948792455,-1.1818781635786793,-1.3058831587270059,-0.6248477770339079,-0.6575864672094528,-0.6458410043961907,-0.7904173166700477,0.2548844638013573,0.18008549503266413,0.2854786161090511,-1.262757655707745,1.5912559409462161
1.159465040299692,-0.9624303068051925,1.2641469708733064,-0.7582154520507266,0.13790322841491132,0.37956280612141713,0.7269766033194554,-0.850291768400475,-0.8579516373485659,-0.8927457380321527,-1.5994073645838136,1.6632504948792455,-1.1759045118062128,-1.307164537970741,-0.6145299322308296,-0.6426303633112646,-0.649421193927074,-1.1905648294741278,0.2306549140556839,0.24949877936204687,0.422579078583421,-1.0857961641270637,2.051597762067582
1.159465040299692,-0.9624303068051925,1.2936827788976624,-0.7470713887325072,0.2223918288903476,-0.7239238058237873,0.710890221230728,-0.8488772304275932,-0.8489529723098203,-0.893124698548589,-1.5994073645838136,1.6632504948792455,-1.1767309921923725,-1.3058454587130959,-0.6340651528252667,-0.6501149300217977,-0.6439936741765413,-0.9447281215734337,0.23401372429203532,0.2357830578590286,0.3061919549969802,-1.3777826252352048,1.7860159421898698
1.159465040299692,-0.9624303068051925,1.468772333007316,-0.6246957016703143,0.2521916294008304,-0.8277373851159342,0.9349910195154946,-0.8565629157630794,-0.8515173788670302,-0.8933949705803879,-1.5994073645838136,1.6632504948792455,-1.1755364428850623,-1.3063966371287523,-0.6337308542203579,-0.6433724925734954,-0.6499546520729436,0.4014288840362139,0.3893615518107082,0.20416595501500023,0.4689272432041536,-0.8645942996511964,1.4319068490195888
1.159465040299692,-0.9624303068051925,1.1595954261731651,-0.6324640179903682,0.2997341094162476,-0.2199916572551486,0.9472346528729637,-0.8553459778639511,-0.8618292660933872,-0.8952645936636255,-1.5994073645838136,1.6632504948792455,-1.178669645417999,-1.3074775112705752,-0.6099052876594676,-0.6594281860102598,-0.6481099990880386,0.32890759870639735,0.20039700594685322,0.20113331349576222,0.30857535789635027,-1.767097906712789,2.051597762067582
1.159465040299692,-0.9624303068051925,0.4953254336926026,-0.6566127384490904,0.18272104465648514,-0.24404696640502557,0.9197764354040555,-0.8387870916836748,-0.8645055528181271,-0.8905154503273895,-1.5994073645838136,1.6632504948792455,-1.177407203417411,-1.3084109551904035,-1.1049889265891641,-0.6510221850674317,-0.6426324150477911,0.29154684759195043,0.16715237047088077,0.15264102314555775,0.2662837810510293,-1.1388846116012705,1.7948686695191258
1.43498538911473,-1.267140914688934,0.5084612595427312,-0.9910154787744877,0.33018487968214877,-0.9160044509482022,-0.1582453534089689,-0.8531032605511275,-0.8682942783650511,-0.8968280775151354,-1.5994073645838136,1.6632504948792455,-1.176223697988206,-1.3074436023195166,-0.751538211628565,0.014919262751225472,-0.42798852335116094,0.2592182589177229,0.2158946254763382,0.20677828332476914,0.3196808382846542,-1.262757655707745,2.069303216726096
1.43498538911473,-1.267140914688934,0.3108531215085413,-0.5758859166177083,0.2382433261432552,-0.7780010014175899,1.0586136821024412,-0.848454697054031,-0.8594831407477126,-0.8959078483452059,-1.5994073645838136,1.6632504948792455,-1.1713135173632345,-1.3050242723765855,0.8145648840931309,-0.6463307903887886,-0.6397105192942756,0.40540757559070334,0.22024027398852689,0.14503968774723422,0.3624093890853025,-0.5460636148059299,1.4938759403243873
1.43498538911473,-1.267140914688934,0.8009450711971818,0.5193256546928176,0.3063025310488328,-1.0247671858010912,1.1501362303433964,-0.8525844515469206,-0.8693303629496776,-0.8929584051670956,-1.5994073645838136,1.6632504948792455,-1.173778836841507,-1.307946971220324,0.553520260488258,-0.6915257556283168,-0.6474629114503858,0.27912858060211965,0.2078372362872664,0.1253042842894747,0.36171309235612736,0.5776418567315864,-0.949476802550562
1.43498538911473,-1.267140914688934,0.8073421637701929,0.3663331255542935,0.3104666020624743,-1.3241693003541148,1.0271973308758773,-0.8501991488064334,-0.8601591938927485,-0.8940152195327191,-1.5994073645838136,1.6632504948792455,-1.179747419292872,-1.3067397283167916,-0.6261099375817256,-0.6420724357352129,-0.6438420661976031,0.38818247980227355,0.3312698322025801,0.19909583749344106,0.3809066126252551,-1.5105037439207503,2.5916141291522616
1.43498538911473,-1.267140914688934,0.9874655561139565,0.3364639450071628,0.1592327479355958,-1.0696549607996868,1.0701222701065247,-0.8513645539991069,-0.8609494249022793,-0.892394311931825,-1.5994073645838136,1.6632504948792455,-1.1766669014899187,-1.3063983220455735,-0.620412237817441,-0.6573882140770329,-0.6500766192386433,0.33772569132627045,0.2212393547972017,0.2586267531888139,0.32325690939024615,0.9138686907348946,-1.0025931665261048
1.43498538911473,-1.267140914688934,0.76949083682732,-0.5054756473023106,0.33366761792256794,-1.1981184116589065,-1.439223848093908,-0.8518311339089333,-0.8587215425772666,-0.895311873154442,-1.5994073645838136,1.6632504948792455,-1.177419152531429,-1.3081984450561268,-0.11770712772581308,0.05284009233271734,-0.3594332999366236,1.2901798666317286,1.0053670111735566,1.5170734972453828,1.070715593353855,0.5157053346783084,-0.2589640708685115
1.43498538911473,-1.267140914688934,-1.2302220554017511,0.38748068993395507,0.2568168178937062,-1.1356194672379731,1.1691149304273494,-0.848403338444554,-0.8830479673137352,-0.8942345891242122,-1.5994073645838136,1.6632504948792455,-1.1765235121217177,-1.3046371627365483,-0.6189778034995208,-0.6517649956119038,-0.6394155645178952,0.35013124718759947,0.16866781577809886,0.30869919075357805,0.4616372801808585,0.011365083673295822,0.25449411422839824
1.43498538911473,-1.267140914688934,-1.9879741024285418,0.16416765581180534,0.2907353117208877,-1.780753439891798,0.22694319818467684,-0.8514282734942523,-0.8581736302244265,-0.8959614679976291,-1.5994073645838136,1.6632504948792455,-1.177585353844569,-1.3086877027785457,-0.4556139827928138,-0.4378651520011318,-0.5506530704555208,0.626902239735798,0.3401238497631171,0.5388657844967282,0.5357004985833383,-0.14790025874933113,0.10399774963102902
1.43498538911473,-1.267140914688934,-1.4468055413775973,0.4682322994121806,0.28055669390501453,-1.452129173158464,1.2505904343320167,-0.851900076313517,-0.8656807364420059,-0.8950796420922694,-1.5994073645838136,1.6632504948792455,-1.17944307897981,-1.306968034546283,-0.6050204409523936,-0.6489352898197864,-0.647622933595663,0.342141472367642,0.23960112615032297,0.2624210194146181,0.34962585136800506,1.6482588807948142,-0.9406240752213049
0.9120069492343474,-0.937316795166422,0.04643191846862551,0.6600278075222856,0.2293906713248094,-1.1685711345238812,1.1160985022576693,-0.8512139601103028,-0.8745684050428227,-0.8950727584882427,-1.5994073645838136,1.6632504948792455,-1.1766734191884718,-1.3074265425366858,-0.6373608937823775,-0.6480573299105591,-0.6402748421321245,0.36929583729618165,0.16620075764228862,0.25056293016831666,0.3470371867204149,-0.8734423742302235,1.6709304869095272
0.9120069492343474,-0.937316795166422,0.8677845514367176,0.3730341849518416,0.13149896727420549,-1.313145145639423,0.462738909923557,-0.8467509839952462,-0.8619627092631914,-0.894538554586248,-1.5994073645838136,1.6632504948792455,-1.544150316055349,-1.7325083105504475,-0.6297782648329163,-0.6496276854783529,-0.6459278615405318,0.08860869772350732,0.23164347980547914,0.21060628908073808,0.28126920346005896,0.29450347020242856,0.8210686633008499
0.9120069492343474,-0.937316795166422,0.7952488461152982,0.37007837374140734,0.23923562960437164,-0.9343257765216381,0.4002549266613339,-0.8520926275748099,-0.8576000897131497,-0.8982772573103023,-1.5994073645838136,1.6632504948792455,-1.1793918426272836,-1.307002364726549,-0.6313323533872877,-0.6500941083332765,-0.6511483927991341,0.33193407506923867,0.24957578611093886,0.16390859530254753,0.33473509375921234,0.542249558415415,0.6528668440449662
0.9120069492343474,-0.937316795166422,0.7555271531104604,0.47955509818923814,0.29347265455710314,-0.7957190458250466,0.6117197824988491,-0.8505912152082727,-0.8693529864274733,-0.8954450165481241,-1.5994073645838136,1.6632504948792455,-1.1760743340629976,-1.3064888863248,-0.6306012210072358,-0.6377907045847084,-0.6479430543786378,0.3438022968620909,0.23324319579886216,0.16939834823051392,0.3022475109800176,-0.16559640790738542,0.8033632086423358
0.9120069492343474,-0.937316795166422,0.5901083407862557,0.19743823030903151,0.30428722744928316,-0.6850723581095333,-0.16584834213311228,-0.8542247933045203,-0.8647215363326968,-0.8940998154032637,-1.5994073645838136,1.6632504948792455,-1.1771555478343294,-1.306900216644164,-0.359154086808973,-0.26545871817864986,-0.4982300604385941,0.3374456492764698,0.2686342552223883,0.19757620302996687,0.35561069306453513,-0.3514059740671441,1.2371468477759322
0.9120069492343474,-0.937316795166422,0.3660756560140011,0.006909899755775771,0.19045060147555867,-0.44275090748203666,-0.3460832318182493,-0.8512540024159956,-0.8543476112883257,-0.8941179301507007,-1.5994073645838136,1.6632504948792455,-1.1795372235144865,-1.3073770481050155,0.7802130220246594,-1.5175164063506488,-0.4091405230291203,0.3520902415344293,0.22953911609344596,0.20941629283941723,0.3343934033282983,-0.024027214642837913,0.9804177552274772
0.9120069492343474,-0.937316795166422,0.45824565549531227,-1.1441579102404034,0.48609478154857694,-0.7770976265434123,-0.9292473431469713,-0.8510194937822142,-0.8593767397037084,-0.8943559579320565,-1.5994073645838136,1.6632504948792455,-1.1728857310923468,-1.3086053524688321,0.44080605987106886,-0.10030741210547646,-0.21185585965953807,0.3565790032312043,0.26859264563224877,0.2115533305803027,0.37416978902294185,1.1527667043688539,-1.2062058950990173
0.9120069492343474,-0.937316795166422,0.13939644194032616,-2.519734902058536,1.4207799040143958,-0.9889827689096988,-2.4318648760996138,-0.8526478228481049,-0.8670680151702123,-0.896042259771209,-1.5994073645838136,1.6632504948792455,-1.1826887118128129,-1.3111539997779087,2.4363793340845312,1.7420540151588733,-0.37942138155134,0.29738891114022226,0.18202990195672944,0.18569054979250466,0.2777584077559344,1.1527667043688539,-1.2062058950990173
0.9120069492343474,-0.937316795166422,-0.2663279966532628,-2.2262563294715156,1.6759732592954204,-1.6798010164511872,-2.451461258691551,-0.8522547118643805,-0.8641637262083217,-0.89477477089286,-1.5994073645838136,1.6632504948792455,-1.1800265940476289,-1.3078867354439119,-0.08425065811656329,2.023140589565411,-0.6571197354186177,0.2565085496549273,0.24055709521759303,0.14768628276732404,0.31570240310780145,1.1527667043688539,-1.2062058950990173
0.9120069492343474,-0.937316795166422,-0.21252516314719802,-2.3563471265453817,2.114839976938484,-1.930933043976659,-2.471057641266394,-0.8532193832376402,-0.8888291496198717,-0.8923486627682775,-1.5994073645838136,1.6632504948792455,-1.1754453761524781,-1.3049604561519237,-0.5680824240711346,1.040128999994151,-0.6331458249630745,0.5640514148586714,0.4034460225343555,0.4259678188341542,0.693693343256538,1.1527667043688539,-1.2062058950990173
0.9120069492343474,-0.937316795166422,-0.14907254681175983,-2.5346397127632265,2.204069007572097,-2.141684045875904,-2.490654023849794,-0.8520605937302576,-0.8525642449527917,-0.8933929779581677,-1.5994073645838136,1.6632504948792455,-1.177193748789748,-1.309915164683951,-0.6885970294781549,0.7379112926568377,-1.7938327416935573,0.3910476114999293,-2.5573604726808052,0.9117751047083111,-1.3030704760158678,1.1527667043688539,-1.2062058950990173
0.9120069492343474,-0.937316795166422,0.15606895335963952,-2.712932298981071,1.921091509798377,-2.2195078787875717,-2.381499261757194,-0.8535129107480754,-0.8576635414985244,-0.8930497034941903,-1.5994073645838136,1.6632504948792455,-1.1775303155012196,-1.3082875350331333,-0.8955001921244592,1.250621571384531,-0.30426692747740275,0.4225873879838459,-1.4456797067838967,1.937089075858228,-2.0998404569286495,1.1527667043688539,-1.2062058950990173
0.9120069492343474,-0.937316795166422,0.13392839002690518,-1.3433653796370695,0.5078490396239728,-2.205701810397813,-1.938260315446658,-0.8542183517162153,-0.876128011043292,-0.8929373920600637,-1.5994073645838136,1.6632504948792455,-1.1793453135014906,-1.3050301695854671,0.4269728201663948,-0.47542689745457606,-0.4302665441487172,-0.7108622071694988,0.24614269449435996,0.16228382605311872,0.5140443249171134,1.1527667043688539,-1.2062058950990173
0.9120069492343474,-0.937316795166422,0.5998482918391886,0.2252953322378245,0.7925877383790284,-1.9831091304602324,-2.3063326782404836,-0.8552136641581793,-0.8751020009761199,-0.8945639152326635,-1.5994073645838136,1.6632504948792455,-1.177637676480188,-1.3093412398911883,-0.40680242855406834,-0.6643848549618782,-0.6391775965953538,0.2554027536976066,0.22006902874391907,0.18413258180033956,0.3503892410009417,1.1527667043688539,-1.2062058950990173
0.9120069492343474,-0.937316795166422,0.5425381838291172,0.8944556666300526,0.7206179985504213,-2.078850695251549,-1.6302862343825981,-0.8526013389541044,-0.8730254131588565,-0.8932087509767099,-1.5994073645838136,1.6632504948792455,-1.1781860683946843,-1.306288802452094,-0.6912412547842747,-0.6550949754703446,-0.651960512835656,-1.9508077385789198,0.2704094975914935,0.17151957056663286,0.2533548044801032,1.1527667043688539,-1.2062058950990173
1.1416072399135453,-1.0042861595364758,0.39822213955225283,0.32106929600817746,0.4392778680275736,-1.711849027612938,-0.22010027460130238,-0.8506963697849641,-0.8716703021881427,-0.8931554936192357,-1.5994073645838136,1.6632504948792455,-1.1784210676370144,-1.305717826263767,-0.5579622254023637,-0.5172567174462975,-0.6143343115259756,-2.4084492722916218,0.2301983351776258,0.16623474009754016,0.3433219026733001,1.1527667043688539,-1.2062058950990173
1.1416072399135453,-1.0042861595364758,0.28940799031098774,-0.14892643347964296,0.3965340794639445,-1.7646546921338278,-0.5110414819230285,-0.8516888966752297,-0.8657576209173249,-0.8939721064338109,-1.5994073645838136,1.6632504948792455,-1.174913459531552,-1.3072525748747323,-0.6199964893405744,-0.6524874528493966,-0.6465300098806946,-1.1659795981673573,0.21456754993818927,0.1653731770951538,0.3065678299390863,0.9315648398929741,-0.9406240752213049
1.1416072399135453,-1.0042861595364758,0.021160669065512706,0.010057963955129798,0.1671511560522605,-1.1461899657658536,-0.2207583966037677,-0.8515551901936067,-0.8549225657669641,-0.895026022439848,-1.5994073645838136,1.6632504948792455,-1.176859897786009,-1.3078067018948292,-0.6358297611765721,-0.6487713988604473,-0.6422672019824819,-0.770878890566803,0.2696192158091383,0.17576901920383925,0.37939406401562614,0.8342360195236,-0.011087705649313877
1.1416072399135453,-1.0042861595364758,-0.1630757259545295,0.18138132148677336,0.1461125876472577,-0.9607144759715532,0.03231259034776947,-0.8502613014287503,-0.8667081604765432,-0.8933587410855063,-1.5994073645838136,1.6632504948792455,-1.174174787028701,-1.3062405717080408,-0.6379798711469234,-0.64137416401731,-0.6496065733099985,-0.837571141635185,0.20235708802954816,0.21335801888678407,0.40802513895258474,1.2943358976334014,-0.49798770875845216
1.1416072399135453,-1.0042861595364758,-0.3159184792367235,-0.49798838984727073,0.01428170287819347,-1.4006237272065,-1.1819908805047237,-0.8503375559065498,-0.8635357479536013,-0.8943829489057422,-1.5994073645838136,1.6632504948792455,-1.1812937432749484,-1.3073305022777855,-0.2168299137434662,0.053559015418580144,-0.4149220114590353,-0.5264757624208114,0.1859804846853048,0.14948449428900154,0.24320328077357684,1.5863223587415363,-0.8166858926117071
1.1416072399135453,-1.0042861595364758,0.6941230008675962,0.12317929874389054,0.31626160088980493,-0.7577290667408192,-0.3878786500338966,-0.8523713568418384,-0.8532365864335033,-0.8940367760821718,-1.5994073645838136,1.6632504948792455,-1.1768742005133905,-1.3071045128089276,-0.5793715429739408,-0.13582520606513232,-0.45206156798465663,0.5092576335209908,0.29153410066519064,0.13528998023461286,0.38165434080227295,1.6482588807948142,-1.0114458938553614
1.1416072399135453,-1.0042861595364758,0.6724207116625959,0.21362330779057245,0.398724887979599,0.014296310116160652,-0.02221794577951705,-0.8501228943286356,-0.8658606637888436,-0.8955777976468572,-1.5994073645838136,1.6632504948792455,-1.1779087041117509,-1.3067270914406235,-0.5853392563546785,-0.3603263336130647,-0.5545549871102254,0.34926699878297074,0.27878977419572815,0.33639749988714585,0.4524393264534924,1.4093608671608675,-0.8698022565872485
1.1416072399135453,-1.0042861595364758,0.9789813986403385,-0.0530445104683755,0.31224367275307763,0.6388239418897707,1.0078895697906864,-0.8475993585850145,-0.865105074979685,-0.8931591165687242,-1.5994073645838136,1.6632504948792455,-1.178822630286848,-1.30892527605056,0.09239633745883659,0.07937450277329162,0.011937825990999108,0.3233625133422102,0.1585498505864693,1.4777101597708102,1.643397147009212,1.4182089417398946,-1.1619422584527315
1.1416072399135453,-1.0042861595364758,0.7329487823360793,-0.10433339070731612,0.32087144104399506,0.28040321055613115,1.2160048410468458,-0.8518779659968948,-0.8743704496121186,-0.8947818356443593,-1.5994073645838136,1.6632504948792455,-1.1781828095454097,-1.3086295731481596,0.12766509025066916,0.11271683891768197,0.04233178360913867,0.3222742674089003,0.2237935377065849,1.5244770647727037,1.6953168842414603,0.011365083673295822,1.0158286645445056
1.0012959511651414,-1.0612101192510213,0.31707326627844634,-0.28806993907557604,0.16657459237344238,-0.12014215553593388,1.0236263779846002,-0.850570845861463,-0.8621166549597471,-0.8955643927337521,-1.5994073645838136,1.6632504948792455,-1.1792864731673172,-1.304635267205122,0.11984869391933592,0.10843225489778847,0.04035632858387755,0.36505855372123935,0.32726239304849186,1.549798130291605,1.7750015985630987,-0.31601367575101036,1.3168213937392454
1.0012959511651414,-1.0612101192510213,0.7127673834115004,0.30910162181083206,0.1323277775624954,-0.247869293997697,0.6904089516918006,-0.8555199007482457,-0.8743996126889638,-0.8941822375041117,-1.5994073645838136,1.6632504948792455,-1.1775348416807707,-1.305919595053301,0.12386760974982579,0.11774180641406003,0.043339265289559815,-0.08288551468102472,0.1665666816912935,1.515534959607643,1.667746109205493,1.3739685688447338,-0.8520968019287348
1.0012959511651414,-1.0612101192510213,0.8557771124057058,0.24695423194531566,0.2809791068780322,0.03531004156463285,1.0218007304556997,-0.8520388316075964,-0.8767155144822725,-0.8956576836830651,-1.5994073645838136,1.6632504948792455,-1.17781709423762,-1.3077913270288184,-0.017348178459626804,-0.1463402114663852,-0.09345331728296705,0.3273894132959857,0.22648929837302456,1.3037617192608406,1.4554472628013229,1.6924992536899877,-1.0468568031723906
1.0012959511651414,-1.0612101192510213,1.7561110695324453,0.07265034165678676,0.31300641845316635,-0.31605623762647495,1.2287048862865402,-0.8522910981334678,-0.8623010009545882,-0.8931996936029877,-1.5994073645838136,1.6632504948792455,-1.1762380007155901,-1.3068601998696225,-0.627031341862153,-1.8419752346928973,-0.6525316817452071,0.31985640854539454,0.24609147113610505,0.17586918343401112,0.33262640439777674,1.2766397484753598,-0.5776622547217656
1.0012959511651414,-1.0612101192510213,1.59609849417388,-0.014473345570075102,0.2130286749812917,-1.0399110899420376,-0.1356382643316987,-0.8520670353185643,-0.8679241724080027,-0.8949236741168145,-1.5994073645838136,1.6632504948792455,-1.1776141403465201,-1.3076896001756437,-0.6281247699386497,0.24360162810311267,-0.6436180963881529,0.34323535164198926,0.25054565007744173,0.16105948779002485,0.32762371000368157,1.5155377621092814,-0.480282254099938
1.0012959511651414,-1.0612101192510213,1.0702087430831018,-0.03692444272195792,0.2530254445821734,-0.22622879701151555,-0.019521953269954418,-0.8528899917490648,-0.8705180955338968,-0.8955846812508848,-1.5994073645838136,1.6632504948792455,-1.1800756578339693,-1.3066689618102352,-0.5135774196266423,-0.7610603379857007,-0.5524393979692155,0.30638434566938777,0.23095316619004236,0.18959047798442352,0.31375972517913125,1.2589435993172802,-0.5688095273925088
1.0012959511651414,-1.0612101192510213,0.9960146863514053,-0.3407453741785658,0.1960674261104845,-0.2939196157093902,0.841931713663603,-0.8530858508530021,-0.8602756694542034,-0.8922502996896805,-1.5994073645838136,1.6632504948792455,-1.1773143262130081,-1.3067313037326778,-0.6285787644423497,-0.6543175472719502,-0.6489457552827298,0.370898450599879,0.24562174843444523,0.16834142732356663,0.36018035786997576,1.4093608671608675,-0.8520968019287348
1.0012959511651414,-1.0612101192510213,0.45960421502805143,-0.3744001241516754,0.26141531362368453,-0.5836221222382494,0.07395376432166881,-0.8548240351140783,-0.879164682699464,-0.8973255084798277,-1.5994073645838136,1.6632504948792455,-1.1785847342896052,-1.3090739699601739,-0.6308466121815777,-0.6439377439336493,-0.6436594405418437,0.3310973794800848,0.23140028151510902,0.1721192003415447,0.3286096469917461,1.4005127925818277,-0.5422513454047375
1.0012959511651414,-1.0612101192510213,0.5339627067866195,0.12070499583594418,0.26610790134291495,-0.3687659959107223,0.25746211031697347,-0.8528971297252955,-0.8566926761584778,-0.8945642775276136,-1.5994073645838136,1.6632504948792455,-1.1771015957740742,-1.3067365690977504,-0.6193991347297598,-0.6473794540797757,-0.6471212962970374,0.34970112715469387,0.25040264527668127,0.1697526886086816,0.3409340140235921,1.2943358976334014,-1.0734149851601613
0.7232244880092329,-0.5840533981143923,0.9825200249481053,0.3126551788623547,0.21933884413274546,-0.2747254308825202,0.5259083657130246,-0.8535423331379107,-0.8599955271705766,-0.8929265232115996,-1.5994073645838136,1.6632504948792455,-1.185860839489895,-1.306411380150952,-0.6311491224221342,-0.64998931860843,-0.6441074948993767,0.31140300253557407,0.23033150088757737,0.16422347248025676,0.3222716684668898,1.834068446954573,-0.9140658932335342
0.7232244880092329,-0.5840533981143923,0.5308392634260465,0.276248669587629,0.1918813335674449,-0.09284417496265157,0.7687519658055351,-0.8525162055302608,-0.8599221776136634,-0.8934840951377908,-1.5994073645838136,1.6632504948792455,-1.1745982563875652,-1.3071104100178093,-0.5356297953944765,-0.5520034743524144,-0.5583639654730976,0.3503841336446924,0.30972830704431364,0.2422304712011863,0.37884223938354,2.1437510572207996,-1.1619422584527315
0.7232244880092329,-0.5840533981143923,0.009359290665950473,-0.6576090035510344,0.18616174179532788,-0.48038496474083026,-0.5403954326405814,-0.852537793555937,-0.8647719089199751,-0.8933529443663288,-1.5994073645838136,1.6632504948792455,-1.1771725662694463,-1.3079059013727696,0.2132887369522597,0.27550229007902,0.14202837208995103,1.023244181983977,0.9175898908588043,0.9352648216669855,1.0732124161303038,0.32104769393953514,-0.019940432978570358
0.7232244880092329,-0.5840533981143923,-1.2183669014161624,-1.8284731580691338,0.24124626197041513,-1.43631940973526,-2.166277601819362,-0.8530160379635093,-0.8590734437045263,-0.8955104107863815,-1.5994073645838136,1.6632504948792455,-1.177669540784234,-1.307164537970741,0.2988415993405744,0.37162904283705805,0.20680747063654686,1.0778669706040607,1.0309508629491217,0.9340559222513977,1.0934038998388347,0.32104769393953514,-0.019940432978570358
0.7232244880092329,-0.5840533981143923,0.8321047511929042,-1.7556812105218282,0.394576832623696,-1.10876698660266,-1.3840571031276836,-0.8527225104530741,-0.8748305192425849,-0.8962795629626683,-1.5994073645838136,1.6632504948792455,-1.177520901047751,-1.306203503537941,0.33883736106970425,0.42232257318150057,0.10899867686622942,0.9179082878705457,0.8080470117551805,0.8279533841472425,0.9309257302005987,-0.8822904488092759,1.2459995751051889
